"","Station_ID","Name","Longitude","Latitude","Elevation","DEM1km","DistancetoCoast","LCCOwnLabel","EF_LF_Desc","WaterArea","UrbanArea10K","GPwV4_Area","GPwV4_00","GPwV4_05","GPwV4_10","GPwV4_15","GPWV4_Area10","GPwV4_15_10km","Hyde_Area","Hyde1970","Hyde1980","Hyde1990","Hyde2000","Hyde2005","GpwV4_density00","Hyde_density00","GPW10km_15_Density","EST_POP2000","EST_POP2000_50K","EST_POP2000_500K","EST_POP2000_1M","EST_POP2000_5M","DistanceToPlace","DistanceToPlace50K","DistanceToPlace500K","DistanceToPlace1M","DistanceToPlace5M","PopulatedPlace","PopulatedPlace50K","PopulatedPlace500K","PopulatedPlace1M","PopulatedPlace5M","Airport_Dist","Airport_Dist2","Airport_Name","Airport_Name2","Airport_Type","Airport_Type2","Airport_Lon","Airport_Lat","Airport_Lon2","Airport_Lat2","Lights"
"1",4127,"Murphy_10_W",-116.7505,43.2044,3950,1188,-601,"Cropland, rainfed","Smooth Plains",0.138588089548103,0,0.624057161818929,0.0827761068940163,0.0903862118721008,0.0901745110750198,0.0889590457081795,314.159265358979,49.0840485748513,62.4014711624799,28.1807994842529,34.8264999389648,35.9458999633789,43.5177993774414,45.4394989013672,0.132641866736614,0.69738418929468,0.156239379153006,439,51867,529121,1805083,18476438,25.9778454414711,43.8173455062935,535.236277203303,834.294452882876,3100.80058630891,"MELBA","NAMPA","PORTLAND","VANCOUVER","MEXICOCITY",3.0550747094884,58.5137642849305,"Z X Ranch Airport","Boise Air Terminal/Gowen field","small_airport","large_airport",-116.763192,43.230308,-116.2229996,43.56439972,0
"2",53926,"Stillwater_2_W",-97.0914,36.1181,890,280,-736,"Cropland, rainfed","Flat Plains",2.91788259154859,29.3380698511057,0.691288424317685,352.381622314453,377.544219970703,400.192504882812,419.417999267578,314.159265358979,54397.5949452147,69.1251769375813,6780.009765625,7734.18994140625,7931.77978515625,8358,8793.8603515625,509.746163712,120.911082911905,173.152922556832,39065,68315,506132,1188580,18476438,2.09326651063759,61.2164097571944,81.0755549353859,368.77378822961,1849.86535406341,"STILLWATER","EDMOND","OKLAHOMA","DALLAS","MEXICOCITY",4.80485702143221,4.80485702143221,"Stillwater Regional Airport","Stillwater Regional Airport","medium_airport","medium_airport",-97.08570098877,36.161201477051,-97.08570098877,36.161201477051,144.068359375
"3",63855,"Crossville_7_NW",-85.1345,36.0138,1913,578,-556,"Cropland, rainfed","Flat Plains",0.846385216250571,5.00157042621433,0.692236868449576,24.7174797058105,26.0120887756348,29.1688766479492,31.9633560180664,314.159265358979,12998.752844546,69.1981633521779,929.856018066406,1074.27001953125,1158.43994140625,1329.69995117188,1395.02001953125,35.7066790752868,19.2158272236863,41.3763153847866,544,173890,570456,2896016,8008278,7.19995623026299,107.60964493536,147.427043650397,682.761126446584,1108.55096202904,"PLEASANTHILL","KNOXVILLE","NASHVILLEDAVIDSON","CHICAGO","NEWYORK",6.74457084173085,8.24098951005403,"Carey Airport","Crossville Memorial Whitson Field","small_airport","medium_airport",-85.113899230957,36.0722999572754,-85.0849990845,35.9513015747,6.36595630645752
"4",53877,"Asheville_8_SSW",-82.6142,35.4945,2151,706,-371,"Cropland, rainfed","Smooth Plains",1.39363835460094,42.8772581009247,0.696726028257504,12.6809272766113,13.527756690979,14.3810682296753,15.1116485595703,314.159265358979,66122.323008351,69.7049507911794,586.130004882812,657.239990234375,739.2509765625,871.018005371094,913.239013671875,18.2007371079936,12.4957839505614,210.473891109961,1389,68889,540828,1517550,8008278,1.59219480132326,10.8415666987254,165.340690537986,825.738654645382,956.019187470725,"BENTCREEK","ASHEVILLE","CHARLOTTE","PHILADELPHIA","NEWYORK",9.21584034068818,9.21584034068818,"Asheville Regional Airport","Asheville Regional Airport","large_airport","large_airport",-82.5418014526367,35.4361991882324,-82.5418014526367,35.4361991882324,17.686954498291
"5",23904,"Batesville_8_WNW",-91.7812,35.8201,455,157,-621,"Cropland, rainfed","Flat Plains",5.40049471144485,0.231332427579055,0.69390880511322,0.0141645036637783,0.0141778374090791,0.0141446311026812,0.0139539744704962,314.159265358979,3503.95995162474,69.416241470323,475.531005859375,561.346008300781,588.385986328125,667.119995117188,699.968994140625,0.0204126299585825,9.61043094507496,11.1534509339423,461,55515,650100,1188580,8008278,5.658144491936,98.2423267753038,181.815476544688,569.365280128238,1650.92812044268,"CUSHMAN","JONESBORO","MEMPHIS","DALLAS","NEWYORK",12.6529200855653,86.9100305584767,"Reeves Private Airport","Ozark Regional Airport","small_airport","medium_airport",-91.7460021973,35.9305992126,-92.4704971313,36.3689002991,6.56232929229736
"6",63869,"Fairhope_3_NE",-87.8757,30.5485,95,39,-3,"Cropland, rainfed","Flat Plains",82.7620950804944,8.92201108317927,0.736807746765687,20.632022857666,23.4822864532471,26.6787242889404,29.9672908782959,314.159265358979,47857.0821239203,73.6838970747195,11673.900390625,13155.400390625,13906.7998046875,15152.599609375,15962.7001953125,28.0019081615699,205.64329807379,152.333823639534,12480,198915,650100,1953631,18476438,3.10960523923711,26.2041751504679,542.747095859174,728.305082200766,1665.42021029017,"FAIRHOPE","MOBILE","MEMPHIS","HOUSTON","MEXICOCITY",3.15847632958109,20.3886916705975,"Klumpp Airport","Mobile Downtown Airport","small_airport","medium_airport",-87.8542022705078,30.5268993377686,-88.0680999756,30.6268005371,41.4411010742188
"7",63849,"Bowling_Green_21_NNE",-86.2325,37.2504,790,214,-723,"Cropland, rainfed","Smooth Plains",8.84924665908378,0.529852985253285,0.681218316565035,11.6740236282349,11.9329843521118,12.183349609375,12.2936925888062,314.159265358979,5793.59883235767,68.0880420798638,848.007019042969,953.033020019531,973.294006347656,1057.17004394531,1109.5400390625,17.1369784757107,15.5265155474041,18.4415978492231,921,54067,570456,2896016,8008278,7.04006515071981,96.4343410404226,130.341240708491,524.080424275181,1132.55144170959,"BROWNSVILLE","OWENSBORO","NASHVILLEDAVIDSON","CHICAGO","NEWYORK",9.30336412618544,35.7975336021774,"Nolin Aero Salvage Airport","Bowling Green Warren County Regional Airport","small_airport","medium_airport",-86.2542037963867,37.3325004577637,-86.4197006226,36.9645004272,6.21570730209351
"8",53878,"Asheville_13_S",-82.5567,35.4185,2103,648,-361,"Cropland, rainfed","Smooth Plains",1.16150833641019,29.9769459009372,0.697372968987327,21.8289737701416,23.8287086486816,25.7474498748779,27.7319946289062,314.159265358979,61263.6535135601,69.7049507911794,11610.2998046875,13282,15163.400390625,18064.19921875,19023,31.3017205152646,259.152312909112,195.008265771045,4185,68889,540828,1517550,8008278,4.81518011608493,17.8834327068114,158.829121118822,827.111041144186,957.441769894056,"FLETCHER","ASHEVILLE","CHARLOTTE","PHILADELPHIA","NEWYORK",2.38285479863004,2.38285479863004,"Asheville Regional Airport","Asheville Regional Airport","large_airport","large_airport",-82.5418014526367,35.4361991882324,-82.5418014526367,35.4361991882324,52.2508125305176
"9",94088,"Sundance_8_NNW",-104.4363,44.5169,5792,1707,-1412,"Cropland, rainfed","Smooth Plains",0,0,0.610471640539334,0,0,0,0,314.159265358979,83.7875318065271,61.0254105602288,0,0,0,0,0,0,0,0.266703997129564,1126,59607,554636,1321045,8008278,13.4005255015049,108.109484790265,533.428316960067,1385.15444671775,2524.4658921043,"SUNDANCE","RAPID","DENVER","PHOENIX","NEWYORK",16.6310521928032,89.756448893602,"Taylor Field","Gillette Campbell County Airport","small_airport","medium_airport",-104.59400177002,44.4185981750488,-105.539001465,44.3488998413,0
"10",4128,"Riley_10_WSW",-119.6917,43.4711,4583,1398,-362,"Cropland, rainfed","Flat Plains",0,0,0.621332207367152,0,0,0,0,314.159265358979,12.4781466560526,62.1460270773725,0,0,0,0,0,0,0,0.0397191744187274,1623,52029,529121,1805083,18476438,50.1435767852457,145.471585429829,326.901414019539,696.451216342232,3276.97331878998,"HINES","BEND","PORTLAND","VANCOUVER","MEXICOCITY",28.6994388254638,61.0414923760692,"Wagontire Airport","Burns Municipal Airport","small_airport","medium_airport",-119.875,43.2499008178711,-118.955001831,43.5918998718,0
"11",3739,"Cape_Charles_5_ENE",-75.927,37.2907,29,5,-1,"Cropland, rainfed","Flat Plains",163.047230372049,3.40502627474224,0.680918070687671,41.4780807495117,40.5108261108398,39.3016777038574,37.7059555053711,314.159265358979,4847.39381888881,68.0880420798638,1575.57995605469,1729.32995605469,1964.93005371094,2084.67993164062,2187.14990234375,60.9149360768503,30.6174163327446,15.4297337477851,499,146437,572059,1517550,8008278,3.65604768919281,47.7903472174608,203.613799726945,307.851497466581,416.630837588753,"CHERITON","HAMPTON","WASHINGTON","PHILADELPHIA","NEWYORK",1.55269320542211,44.8587569731703,"Eagles Nest Airport","Langley Air Force Base","small_airport","large_airport",-75.9348983764648,37.3031997680664,-76.360496521,37.082901001,4.05843734741211
"12",3761,"Avondale_2_N",-75.7861,39.8593,400,117,-25,"Herbaceous cover","Smooth Plains",0.0730860212365942,21.4683453167609,0.657033034615864,5.51961898803711,5.61984348297119,6.15590715408325,6.61475467681885,314.159265358979,55502.6426455975,65.6913749927518,3088.3701171875,3050.919921875,3078.36010742188,3130.5,3284.5400390625,8.40082415530929,47.6546578655936,176.670398634197,1108,72664,1517550,1517550,8008278,3.74799171428528,23.5419733333269,56.9387537240225,56.9387537240225,184.454459338972,"AVONDALE","WILMINGTON","PHILADELPHIA","PHILADELPHIA","NEWYORK",3.48920093370389,25.2605354518604,"New Garden Airport","New Castle Airport","small_airport","medium_airport",-75.7696990966797,39.8305015563965,-75.60649872,39.67869949,28.6846771240234
"13",63850,"Watkinsville_5_SSE",-83.3896,33.7837,741,221,-278,"Mosaic cropland (>50%) / natural vegetation (tree, shrub, herbaceous cover) (<50%)","Flat Plains",0,1.9742701297007,0.711163034892915,7.3280029296875,8.25176334381104,9.31346321105957,10.3364171981812,314.159265358979,12063.9415455373,71.1128414297865,549.487976074219,639.094970703125,763.359985351562,945.872985839844,991.393981933594,10.3042517258942,13.3010152150052,38.4007186028789,146,53420,540828,2896016,8008278,5.6385121855597,19.0391818754418,283.139056374217,969.563468021566,1136.64687830965,"BISHOP","ATHENS","CHARLOTTE","CHICAGO","NEWYORK",9.41746162262865,19.1855357905761,"Southern Oaks Airport","Athens Ben Epps Airport","small_airport","medium_airport",-83.469722,33.731389,-83.326301574707,33.948600769043,5.70768165588379
"14",54933,"Aberdeen_35_WNW",-99.1296,45.7115,1957,587,-1320,"Mosaic natural vegetation (tree, shrub, herbaceous cover) (>50%) / cropland (<50%) ","Flat Plains",14.547282256467,0,0.597895980368322,0.0553767010569572,0.0554288290441036,0.0552990064024925,0.0545536279678345,314.159265358979,85.8659885973393,59.7940485961793,0,0,0,0,0,0.0926192897681693,0,0.273319930574777,462,55532,618201,2896016,8008278,14.9176828725931,176.477591532267,486.909280024607,1015.79308112559,2113.03266847397,"LEOLA","BISMARCK","WINNIPEG","CHICAGO","NEWYORK",30.2159764356903,62.4558474755069,"Rappe Field","Aberdeen Regional Airport","small_airport","medium_airport",-99.0122985839844,45.4522018432617,-98.4217987060547,45.4491004943848,0
"15",53138,"Baker_5_W",-114.209,39.0118,6617,2040,-675,"Tree cover, broadleaved, deciduous, closed to open (>15%)","Hills",0,0,0.665067102230272,0.476591408252716,0.520960867404938,0.529398083686829,0.531789481639862,314.159265358979,200.881129952546,66.4793781769381,0,0,0,0,0,0.716606499786997,0,0.639424496116662,4041,105166,1321045,1321045,18476438,63.692703283877,257.965123198899,637.239392659855,637.239392659855,2602.67767447824,"ELY","PROVO","PHOENIX","PHOENIX","MEXICOCITY",15.7835594465854,63.3494729510792,"Garrison Airport","Ely Airport Yelland Field","small_airport","medium_airport",-114.037002563477,38.964900970459,-114.8420029,39.29970169,0
"16",63829,"Newton_11_SW",-84.4465,31.1923,156,53,-119,"Tree cover, broadleaved, deciduous, closed to open (>15%)","Flat Plains",0,0,0.731852228427635,7.04752445220947,6.04814004898071,6.03397464752197,5.95264196395874,314.159265358979,1219.13475721069,73.175578037414,227.229995727539,263.18701171875,313.540985107422,387.947998046875,406.078002929688,9.62970963052322,5.30160483117087,3.88062645810439,851,76939,735617,2186632,8008278,17.1424562903628,50.7845778579194,283.754330189667,915.452232276459,1416.89327151801,"NEWTON","ALBANY","JACKSONVILLE","LAHABANA","NEWYORK",20.1144409000525,44.9358555418497,"Camilla Mitchell County Airport","Southwest Georgia Regional Airport","small_airport","medium_airport",-84.2368011474609,31.2129001617432,-84.1945037841797,31.5354995727539,0
"17",53974,"Manhattan_6_SSW",-96.6098,39.1027,1137,341,-1042,"Tree cover, broadleaved, deciduous, closed to open (>15%)","Smooth Plains",0.737788288365007,20.0562223392053,0.664207721658303,0.531676650047302,0.567655563354492,0.601721405982971,0.628529071807861,314.159265358979,26169.2318755361,66.401210506996,930.43798828125,970.116027832031,1035.08996582031,1119.2900390625,1173.93994140625,0.800467433169678,16.8564703943849,83.2992521981913,1762,122377,506132,1188580,8008278,8.68826484633422,79.9522813404612,409.668483128343,698.807551915806,1943.14882248821,"OGDEN","TOPEKA","OKLAHOMA","DALLAS","NEWYORK",6.77259808804414,6.77259808804414,"Manhattan Regional Airport","Manhattan Regional Airport","medium_airport","medium_airport",-96.6707992553711,39.140998840332,-96.6707992553711,39.140998840332,0
"18",54851,"Coshocton_8_NNE",-81.7829,40.3667,1120,308,-434,"Tree cover, broadleaved, deciduous, closed to open (>15%)","Smooth Plains",0,0,0.652158842695543,10.0044031143188,10.0138206481934,9.99036693572998,9.85570621490479,314.159265358979,7099.62546038628,65.2118638457196,806.447998046875,797.611999511719,803.961975097656,827.348022460938,866.586975097656,15.3404392601165,12.6870782963404,22.598809722431,2313,80806,711470,4307398,8008278,10.6427535325825,59.5965335475045,111.100995694535,415.894512747998,667.171857356813,"WESTLAFAYETTE","CANTON","COLUMBUS","TORONTO","NEWYORK",8.75064962476282,47.7603866445372,"Richard Downing Airport","Zanesville Municipal Airport","small_airport","medium_airport",-81.8534011841,40.3092002869,-81.8920974731,39.9444007874,6.88717985153198
"19",92827,"Sebring_23_SSE",-81.3689,27.1526,150,46,-66,"Tree cover, broadleaved, deciduous, closed (>40%)","Flat Plains",7.09882010776263,13.0216078436898,0.761113289737501,1.11981916427612,1.18812561035156,1.25989270210266,1.32381010055542,314.159265358979,2250.37181948125,76.1310565777021,56.8680000305176,78.0748977661133,102.891998291016,121.791999816895,127.088996887207,1.47129104086769,1.59976762824235,7.16315597730288,3054,102286,735617,2186632,8008278,12.2056248403255,83.2934006315809,351.67995657224,455.948299207546,1650.31553849733,"PLACIDLAKES","CAPECORAL","JACKSONVILLE","LAHABANA","NEWYORK",3.97422062522555,78.2702181564527,"Kings Port Airport","Southwest Florida International Airport","small_airport","large_airport",-81.3906021118164,27.1828002929688,-81.7552032470703,26.5361995697021,3.61438322067261
"20",3072,"Bronte_11_NNE",-100.2495,32.0408,1997,603,-504,"Tree cover, broadleaved, deciduous, closed (>40%)","Flat Plains",2.90072444301204,2.73963039493619,0.725295549148602,5.02536249160767,4.02407455444336,4.01464939117432,3.96053576469421,314.159265358979,660.034479017311,72.5262491514094,102.557998657227,125.116996765137,148.220001220703,175.888000488281,183.751007080078,6.92870995486841,2.42516333805004,2.10095499893378,360,115930,534694,1144646,18476438,8.26738951111009,65.3800487460931,285.018161512191,331.432830340617,1392.07920577373,"BLACKWELL","ABILENE","FORTWORTH","SANANTONIO","MEXICOCITY",14.7165463294772,56.185473103579,"Flying W Airport","Dyess Air Force Base","small_airport","large_airport",-100.160003662109,32.149600982666,-99.854598999,32.4207992554,0
"21",94644,"Old_Town_2_W",-68.7006,44.9281,127,43,-30,"Tree cover, needleleaved, evergreen, closed to open (>15%)","Flat Plains",21.7557725142112,22.7023723024344,0.606192163759238,30.409818649292,31.5296173095703,32.3277359008789,32.8964424133301,314.159265358979,26513.2388397343,60.5885359588312,1546.13000488281,1717.06005859375,1886.76000976562,1918.64001464844,2016.16003417969,50.1653113770206,31.6667168843974,84.394260374395,8130,64249,626585,3172134,8008278,2.52688137206425,187.955534938915,298.713735952497,395.963494017251,633.631876357725,"OLD","PORTLAND","QUEBEC","MONTREAL","NEWYORK",3.4396420074897,16.7674180994334,"Dewitt Field,Old Town Municipal Airport","Bangor International Airport","small_airport","large_airport",-68.67430115,44.95280075,-68.8281021118164,44.8073997497559,36.3269157409668
"22",54796,"Kingston_1_NW",-71.5413,41.4911,115,47,-9,"Tree cover, needleleaved, evergreen, closed to open (>15%)","Flat Plains",12.8324279709499,30.9974455754191,0.64127107532592,755.888671875,767.501708984375,775.968811035156,775.887268066406,314.159265358979,51694.6496764123,64.1558573458537,21307.19921875,20391.5,21251.599609375,21348,22432.900390625,1178.73501699859,332.752158309045,164.549180548097,5446,85808,589141,8008278,8008278,1.84899263131025,27.2944385835529,99.5033974072455,217.9042783179,217.9042783179,"KINGSTON","WARWICK","BOSTON","NEWYORK","NEWYORK",6.62443326930331,15.9546671302722,"Richmond Airport","Quonset State Airport","small_airport","medium_airport",-71.6205978393555,41.4894981384277,-71.412101745605,41.597099304199,73.989631652832
"23",3758,"Durham_11_W",-79.0931,35.9705,562,171,-198,"Tree cover, needleleaved, evergreen, closed to open (>15%)","Flat Plains",0.53917714980268,40.4985429995625,0.692600994200135,8.72066783905029,9.33700561523438,9.95160865783691,10.4747276306152,314.159265358979,105297.705683231,69.2710030118092,4824.52978515625,5521.9501953125,6316.47998046875,7547.9599609375,7938.64990234375,12.5911858517061,108.962764111424,335.173007114437,16782,187035,540828,1517550,8008278,5.61175719192688,16.8888785762275,178.63900028673,565.317383755058,692.723939708986,"CARRBORO","DURHAM","CHARLOTTE","PHILADELPHIA","NEWYORK",2.8504769563191,29.4397839142018,"Miles Airport","Raleigh Durham International Airport","small_airport","large_airport",-79.1247024536133,35.970401763916,-78.7874984741211,35.8776016235352,75.9990005493164
"24",94078,"Lander_11_SSE",-108.6686,42.6754,5773,1760,-1191,"Tree cover, needleleaved, evergreen, closed to open (>15%)","Low Hills",0.209591440407729,0,0.62938212621479,0.0236671157181263,0.0236893948167562,0.023633910343051,0.0233153477311134,314.159265358979,422.669905034243,62.9087696824912,0,0,0,0,0,0.0376037302814179,0,1.34540009364764,8203,54598,554636,1321045,18476438,17.8496083115463,192.291332553124,451.069652096087,1057.12411280139,2719.01767842578,"LANDER","CASPER","DENVER","PHOENIX","MEXICOCITY",16.3104000408049,16.3104000408049,"Hunt Field","Hunt Field","medium_airport","medium_airport",-108.730003357,42.8152008057,-108.730003357,42.8152008057,0
"25",3060,"Montrose_11_ENE",-107.6928,38.544,8402,2505,-951,"Tree cover, needleleaved, evergreen, closed to open (>15%)","Smooth Plains",0,0,0.669415589699525,0,0,0,0,314.159265358979,429.891536328563,66.9454138202178,72.1820983886719,89.2440032958984,99.3634033203125,124.09400177002,129.585006713867,0,1.8536594919448,1.3683872600012,12344,360890,554636,1321045,18476438,16.801398271189,254.800926280319,269.792571666016,681.785746539117,2264.85411829345,"MONTROSE","COLORADOSPRINGS","DENVER","PHOENIX","MEXICOCITY",6.42283865851927,17.9496724711385,"Flying M Ranch Airport","Montrose Regional Airport","small_airport","medium_airport",-107.674003601074,38.4879989624023,-107.893997192,38.5097999573,0
"26",53155,"Williams_35_NNW",-112.3374,35.7552,5990,1820,-479,"Tree cover, needleleaved, evergreen, closed to open (>15%)","Flat Plains",0,0,0.694488524568953,0,0,0,0,314.159265358979,0.679686009883881,69.416241470323,0,0,0,0,0,0,0,0.00216350776446853,562,52894,1321045,1321045,18476438,30.8420199866775,88.9239186824955,247.909941464894,247.909941464894,2217.29913553902,"TUSAYAN","FLAGSTAFF","PHOENIX","PHOENIX","MEXICOCITY",20.6928020355766,27.8117459989665,"Valle Airport","Grand Canyon National Park Airport","small_airport","medium_airport",-112.14800262451,35.65060043335,-112.147003173828,35.9524002075195,0
"27",93243,"Merced_23_WSW",-120.8825,37.2381,78,24,-93,"Tree cover, needleleaved, evergreen, closed to open (>15%)","Flat Plains",0.529844749598182,0.832602879353562,0.681368352779402,0.108701422810555,0.132579252123833,0.132268726825714,0.15388597548008,314.159265358979,1520.38283554513,68.1630672371446,24.4179000854492,26.6418991088867,32.0662002563477,33.3334007263184,34.6894989013672,0.159534005897317,0.489024365795466,4.83952887338159,4698,55810,894943,3694820,18476438,10.6669604086206,29.8188017612619,88.131879670647,416.538901597365,2885.42909120129,"GUSTINE","TURLOCK","SANJOSE","LOSANGELES","MEXICOCITY",7.64463457452925,32.039777124098,"Gustine Airport","Castle Airport","small_airport","medium_airport",-120.962997436523,37.2626991271973,-120.5680008,37.38050079,3.7640974521637
"28",54797,"Kingston_1_W",-71.5417,41.4782,106,49,-7,"Tree cover, needleleaved, evergreen, closed to open (>15%)","Flat Plains",18.7527037162277,29.7206900316121,0.641353239008352,8.63140678405762,8.78919792175293,8.76861190795898,8.65041923522949,314.159265358979,51092.8808529675,64.1558573458537,21307.19921875,20391.5,21251.599609375,21348,22432.900390625,13.458116774156,332.752158309045,162.633690891101,5446,85808,589141,8008278,8008278,1.36836159820566,28.6334094630147,100.844325059385,217.321989459905,217.321989459905,"KINGSTON","WARWICK","BOSTON","NEWYORK","NEWYORK",6.70749021732309,17.0591666640306,"Richmond Airport","Quonset State Airport","small_airport","medium_airport",-71.6205978393555,41.4894981384277,-71.412101745605,41.597099304199,48.7085494995117
"29",53149,"Torrey_7_E",-111.2935,38.3028,6204,1866,-777,"Tree cover, needleleaved, evergreen, closed to open (>15%)","Hills",0,0,0.671649985225717,0,0,0,0,314.159265358979,105.342533402611,67.1765149413736,0,0,0,0,0,0,0,0.335315698176971,171,105166,1321045,1321045,18476438,11.0585068269466,217.664278793358,533.868125514763,533.868125514763,2391.03019048368,"TORREY","PROVO","PHOENIX","PHOENIX","MEXICOCITY",27.2647540557923,99.8277344097113,"Wayne Wonderland Airport","Bryce Canyon Airport","small_airport","medium_airport",-111.596000671387,38.3624992370605,-112.144996643,37.706401825,0
"30",94995,"Lincoln_8_ENE",-96.5651,40.8484,1189,374,-1229,"Tree cover, needleleaved, evergreen, closed to open (>15%)","Flat Plains",0.216056696735046,61.675255215773,0.647557657945547,4.83055067062378,5.20466566085815,5.56117820739746,5.84995126724243,314.159265358979,92219.9634554693,64.7273641113593,2836.97998046875,2969.51000976562,3026.5400390625,3250.13989257812,3413.919921875,7.45964565680417,50.2127645270162,293.545260713838,2448,225581,506132,2896016,8008278,7.92747085814232,10.2349037701391,601.048464344574,751.448499094426,1906.56304086235,"WAVERLY","LINCOLN","OKLAHOMA","CHICAGO","NEWYORK",1.68275676830224,16.3702987536143,"Pester Airport","Lincoln Airport","small_airport","medium_airport",-96.5670013427734,40.8333015441895,-96.7592010498047,40.851001739502,24.944673538208
"31",94074,"Nunn_7_NNE",-104.7552,40.8066,5390,1645,-1303,"Tree cover, needleleaved, evergreen, closed to open (>15%)","Flat Plains",0,0,0.647963064357775,0.210667803883553,0.253039330244064,0.294521123170853,0.352812230587006,314.159265358979,345.868421736173,64.808458977199,59.0583000183105,73.8770980834961,83.2399978637695,105.221000671387,109.857002258301,0.325123167463804,1.6235689342406,1.10093337957409,471,58413,554636,1144803,18476438,11.5963856959303,37.7245620695201,121.168811138503,1017.0233565996,2419.40736961991,"NUNN","CHEYENNE","DENVER","JUAREZ","MEXICOCITY",9.62471571158613,39.0259286213235,"Shaull Farm Airstrip","Cheyenne Regional Jerry Olson Field","small_airport","medium_airport",-104.77799987793,40.7215995788574,-104.8119965,41.15570068,0
"32",3054,"Muleshoe_19_S",-102.774,33.9557,3742,1153,-821,"Tree cover, needleleaved, evergreen, closed to open (>15%)","Flat Plains",0.867183352322479,0.0788698106706377,0.709782223865188,0.178868487477303,0.179036855697632,0.178617522120476,0.176209926605225,314.159265358979,111.991678508406,70.9747456048242,0,0,0,0,0,0.252004743797692,0,0.356480584395424,2249,199564,563662,1144803,18476438,25.637722781783,93.6463921224444,417.29159429322,425.277657141196,1640.06671501831,"MORTON","LUBBOCK","ELPASO","JUAREZ","MEXICOCITY",20.4803575571234,69.2257126066408,"Williams Field","Cannon Air Force Base","small_airport","large_airport",-102.986999511719,34.0068016052246,-103.321998596,34.3828010559,0
"33",53927,"Stillwater_5_WNW",-97.1082,36.1346,888,284,-738,"Tree cover, needleleaved, evergreen, closed to open (>15%)","Flat Plains",9.21358584907219,29.4148715525955,0.69114228983379,39.443058013916,41.9819068908691,44.4119033813477,46.3395462036133,314.159265358979,53249.7474904271,69.1251769375813,6780.009765625,7734.18994140625,7931.77978515625,8358,8793.8603515625,57.0693742722667,120.911082911905,169.499210629935,39065,68315,506132,1188580,18476438,3.85274129618454,61.947040659139,81.942433510885,370.716735291537,1851.5064130764,"STILLWATER","EDMOND","OKLAHOMA","DALLAS","MEXICOCITY",3.57681039787967,3.57681039787967,"Stillwater Regional Airport","Stillwater Regional Airport","medium_airport","medium_airport",-97.08570098877,36.161201477051,-97.08570098877,36.161201477051,93.2414245605469
"34",54903,"Necedah_5_WNW",-90.1737,44.0604,933,282,-1073,"Tree cover, needleleaved, evergreen, closed to open (>15%)","Flat Plains",6.69701436437591,2.25726543394377,0.615237952466352,0.077604278922081,0.0776773318648338,0.0774953961372375,0.0764508321881294,314.159265358979,1955.5330775188,61.5453705030764,47.1077995300293,49.1119995117188,51.5937995910645,53.82080078125,56.2086982727051,0.126137015135335,0.874489833131473,6.22465511333646,888,51818,596974,2896016,8008278,9.02614355773838,89.3772112187355,211.267677110711,319.549263535407,1386.93829487005,"NECEDAH","LACROSSE","MILWAUKEE","CHICAGO","NEWYORK",7.70747010181128,14.9167468395817,"Necedah Airport","Volk Field","small_airport","medium_airport",-90.0850982666016,44.0334014892578,-90.253402709961,43.938999176025,0
"35",92826,"Everglades_City_5_NE",-81.3183,25.8996,4,3,-8,"Tree cover, needleleaved, evergreen, closed to open (>15%)","Flat Plains",9.49441570438042,1.28262304584156,0.769457554754241,14.2595338821411,15.850152015686,18.2291393280029,20.3696517944336,314.159265358979,1092.92096137194,76.9592274444248,0,0,0,0,0,18.5319304411736,0,3.4788754682218,202,54788,2186632,2186632,8008278,7.73297021561041,93.0957295224059,323.957093077575,323.957093077575,1777.25532467359,"PLANTATIONISLAND","TAMIAMI","LAHABANA","LAHABANA","NEWYORK",9.13746462951419,53.6279527451258,"Everglades Airpark","Naples Municipal Airport","small_airport","medium_airport",-81.3900985718,25.8486995697,-81.7752990723,26.1525993347,3.50611233711243
"36",4137,"Dillon_18_WSW",-113.0057,45.158,5971,1831,-754,"Tree cover, needleleaved, evergreen, closed to open (>15%)","Hills",0,0,0.603820826816844,0.0619787573814392,0.0620370991528034,0.0618918016552925,0.0610575564205647,314.159265358979,20.8835158574075,60.4128816895025,0,0,0,0,0,0.10264428557089,0,0.0664742955568876,3752,50730,867374,1805083,18476438,29.902890698258,200.614469250839,661.980076365346,892.739271629556,3117.90780389507,"DILLON","IDAHOFALLS","CALGARY","VANCOUVER","MEXICOCITY",37.1734134461908,68.9492526343884,"Dillon Airport","Lemhi County Airport","small_airport","medium_airport",-112.553001404,45.2554016113,-113.880996704,45.1237983704,0
"37",63858,"Selma_13_WNW",-87.2422,32.4567,193,61,-200,"Tree cover, needleleaved, evergreen, closed to open (>15%)","Flat Plains",0.160518821420227,0.240629255522438,0.721991616659729,2.70007991790771,2.56569266319275,2.55968356132507,2.52518129348755,314.159265358979,838.604791468708,72.1958184092596,275.428009033203,297.855010986328,304.170989990234,321.753997802734,337.044006347656,3.73976630144204,4.45668467914296,2.66936195725586,230,77906,650100,1953631,8008278,16.7404419915641,87.4556628616088,388.246441890248,831.619825674262,1499.68969965946,"ORRVILLE","TUSCALOOSA","MEMPHIS","HOUSTON","NEWYORK",14.8232509038103,81.6691007555322,"Vaiden Field","Montgomery Regional (Dannelly Field) Airport","small_airport","large_airport",-87.385597229004,32.512401580811,-86.39399719,32.30059814,0
"38",63856,"Brunswick_23_S",-81.4596,30.8078,25,6,-1,"Mosaic tree and shrub (>50%) / herbaceous cover (<50%)","Undefined",222.981336376328,10.8607173994273,0.734849568804848,0.378134459257126,0.441572159528732,0.440537929534912,0.496685564517975,314.159265358979,3236.85312064143,73.4944431590311,125.488998413086,144.606002807617,171.156997680664,210.180999755859,220.266006469727,0.514573969026232,2.85982165074792,10.3032234842502,2599,735617,735617,2186632,8008278,10.1414999683478,57.392767474315,57.392767474315,854.101843655192,1290.39064990876,"KINGSBAYBASE","JACKSONVILLE","JACKSONVILLE","LAHABANA","NEWYORK",0.476692888297066,38.6467365648203,"Stafford Airport","Malcolm McKinnon Airport","small_airport","medium_airport",-81.4627990722656,30.8111000061035,-81.39129639,31.15180016,0
"39",54794,"Durham_2_N",-70.9277,43.1716,119,44,-19,"Mosaic tree and shrub (>50%) / herbaceous cover (<50%)","Smooth Plains",16.9364046169968,62.2876081703683,0.62439682626229,11.5823459625244,12.3089656829834,12.9139909744263,13.3652324676514,314.159265358979,65202.1819229126,62.4014711624799,2362.669921875,2899.73999023438,3521.90991210938,3842.7900390625,4038.86010742188,18.5496554040123,61.5817218324342,207.544991068171,9024,58969,589141,3172134,8008278,3.64592310585684,45.520891890148,95.2614525396439,344.097044349688,369.356628891661,"DURHAM","HAVERHILL","BOSTON","MONTREAL","NEWYORK",12.488036966335,13.4290293033733,"Skyhaven Airport","Portsmouth International at Pease Airport","small_airport","medium_airport",-70.9292984008789,43.2840995788574,-70.8233032227,43.0778999329,38.6724433898926
"40",54932,"Sandstone_6_W",-92.9936,46.1135,1130,347,-1072,"Mosaic herbaceous cover (>50%) / tree and shrub (<50%)","Flat Plains",7.119056822852,0,0.593616129133827,4.01423406600952,4.54549503326416,4.54164981842041,4.49050855636597,314.159265358979,2736.04872113466,59.3482000334164,195.026992797852,206.671005249023,226.248992919922,253.203002929688,264.976013183594,6.76233995169046,4.26639734292059,8.70911357017681,1549,86918,596974,2896016,8008278,10.1117035141545,100.110839532204,524.778672140338,637.527244859525,1652.52571780066,"SANDSTONE","DULUTH","MILWAUKEE","CHICAGO","NEWYORK",8.60941053320239,93.7438507860303,"Bush Field","Brainerd Lakes Regional Airport","small_airport","medium_airport",-92.988253,46.036072,-94.13809967,46.39830017,4.92680692672729
"41",64756,"Millbrook_3_W",-73.7422,41.7857,413,123,-80,"Mosaic herbaceous cover (>50%) / tree and shrub (<50%)","Low Hills",0.141860554172616,6.17251897011398,0.638304115840726,0.636071145534515,0.636669933795929,0.635178744792938,0.626617133617401,314.159265358979,19412.4535276741,63.8262776113968,3953.10009765625,3617.48999023438,3621.21997070312,3649.90991210938,3822.53002929688,0.99650171407203,57.1850662251005,61.7917587294206,1429,74848,8008278,8008278,8008278,4.15554433241871,48.4761781620764,120.893805713949,120.893805713949,120.893805713949,"MILLBROOK","DANBURY","NEWYORK","NEWYORK","NEWYORK",8.69548430491252,21.2454652913454,"Sky Acres Airport","Dutchess County Airport","small_airport","medium_airport",-73.73799896,41.70740128,-73.8842010498047,41.6265983581543,12.3175964355469
"42",3733,"Elkins_21_ENE",-79.4743,39.013,3390,1038,-195,"Shrubland","Smooth Plains",0.0738558528295081,0,0.665067102230272,1.30988597869873,1.30287849903107,1.28492796421051,1.2529102563858,314.159265358979,1144.08215821953,66.4793781769381,190.725006103516,203.723999023438,183.766998291016,178.804992675781,187.264007568359,1.9695546123182,2.68963094389787,3.64172661567766,126,334563,572059,1517550,8008278,11.1179927802187,164.20280178724,213.582366562224,388.014563955189,511.006345880547,"HARMAN","PITTSBURGH","WASHINGTON","PHILADELPHIA","NEWYORK",5.96651123069911,35.9030828359354,"Windwood Fly-In Resort Airport","Elkins-Randolph Co-Jennings Randolph Field","small_airport","medium_airport",-79.4313964844,39.0550994873,-79.85710144,38.88940048,11.7914686203003
"43",94645,"Limestone_4_NNW",-67.8833,46.9601,737,214,-140,"Shrubland","Flat Plains",1.03928972401158,6.56095550797858,0.584424946492098,0,0,0,0,314.159265358979,3548.93975322146,58.4470424846292,917.870971679688,992.283020019531,1062.43994140625,1053.52001953125,1106.13000488281,0,18.0252066613689,11.2966260892105,225,53336,626585,3172134,8008278,2.87142882047332,144.002646648165,263.184151521468,471.421238306014,846.702238936296,"LORING","FREDERICTON","QUEBEC","MONTREAL","NEWYORK",1.09543058504912,14.2124360142659,"Loring International Airport","Caribou Municipal Airport","small_airport","medium_airport",-67.8859024048,46.9504013062,-68.0178985596,46.8714981079,9.10823059082031
"44",4126,"Arco_17_SW",-113.556,43.4621,5920,1813,-810,"Shrubland","Smooth Plains",0,0.275907216713382,0.621417567436278,0.00810998678207397,0.0081176208332181,0.0080986088141799,0.00798944663256407,314.159265358979,4.18350532601471,62.1460270773725,0,0,0,0,0,0.0130507845401484,0,0.0133165110417302,1026,51466,529121,1805083,18476438,28.1136287244509,111.229063079023,757.416236030478,978.861248452015,2977.14997638503,"ARCO","POCATELLO","PORTLAND","VANCOUVER","MEXICOCITY",15.4484912545413,60.0486685291257,"Hollow Top Airport","Friedman Memorial Airport","small_airport","medium_airport",-113.587997436523,43.3249015808105,-114.2959976,43.50439835,0
"45",94996,"Lincoln_11_SW",-96.8541,40.6954,1372,419,-1218,"Shrubland","Smooth Plains",2.09122902587589,0.07217568846159,0.649015509218683,0.68350738286972,0.703067719936371,0.735306143760681,0.758823275566101,314.159265358979,3503.35854783654,64.8894161010355,548.080993652344,567.388000488281,573.560974121094,612.203002929688,641.4990234375,1.05314491435276,9.4345586647977,11.1515366062286,189,225581,506132,2896016,8008278,4.95702302790216,19.7269381159303,581.118726010476,778.818101879291,1932.91628236485,"DENTON","LINCOLN","OKLAHOMA","CHICAGO","NEWYORK",2.54219366244962,19.0314612348661,"Denton Airfield","Lincoln Airport","small_airport","medium_airport",-96.8677978515625,40.7158012390137,-96.7592010498047,40.851001739502,5.72509002685547
"46",54902,"Des_Moines_17_E",-93.2855,41.5562,921,266,-1270,"Shrubland","Smooth Plains",1.06879720149584,1.99304545099141,0.640613275192415,0.363769561052322,0.364111959934235,0.363259166479111,0.358362764120102,314.159265358979,4416.43823675765,64.0736665836941,186.376998901367,188.391006469727,180.893005371094,188.397003173828,197.285995483398,0.567845805167026,2.94031874900964,14.0579595248007,1365,198682,2896016,2896016,8008278,6.17262827551907,28.2343840681414,467.641256202895,467.641256202895,1625.6132848871,"PRAIRIE","DESMOINES","CHICAGO","CHICAGO","NEWYORK",12.0223396820471,31.6024650923712,"De Louis Field","Des Moines International Airport","small_airport","large_airport",-93.42919921875,41.5480995178223,-93.6631011962891,41.5340003967285,5.71712064743042
"47",94060,"Wolf_Point_29_ENE",-105.1018,48.3082,2085,636,-1265,"Shrubland","Flat Plains",0.12660701878598,0,0.56965435865466,0.0143848108127713,0.0143983513116837,0.0143646290525794,0.0141710070893168,314.159265358979,48.9226054632163,56.9793574531719,0,0,0,0,0,0.025251822608263,0,0.155725489768109,245,175812,618201,1805083,8008278,22.3737562665356,243.369318489707,600.016626589479,1327.31005241788,2598.35717366039,"BROCKTON","REGINA","WINNIPEG","VANCOUVER","NEWYORK",11.3416891203354,42.4388206395443,"Swank Airport","L M Clayton Airport","small_airport","medium_airport",-105.156997680664,48.4034004211426,-105.574996948,48.0945014954,0
"48",4138,"Brigham_City_28_WNW",-112.5437,41.6163,4951,1580,-919,"Shrubland","Smooth Plains",1.56540998562537,0.710819476314799,0.640036984984158,0.0110598718747497,0.0110702831298113,0.012622119858861,0.0140084829181433,314.159265358979,13.3350321552343,63.9913395939929,0,0,0,0,0,0.0172800512067649,0,0.0424467256758983,221,77226,554636,1321045,18476438,18.760854155186,65.0380472879405,673.908382455157,897.675399564844,2759.03685033579,"HOWELL","OGDEN","DENVER","PHOENIX","MEXICOCITY",13.7328839657533,60.7559020812894,"ATK/Thiokol Airport","Logan-Cache Airport","small_airport","medium_airport",-112.4472222,41.7166667,-111.851997375,41.7911987305,0
"49",54795,"Durham_2_SSW",-70.9484,43.1092,63,24,-18,"Shrubland","Smooth Plains",28.0638935677934,46.2461845133091,0.624990727482025,38.578125,40.8143043518066,42.4303817749023,43.5470542907715,314.159265358979,48552.840270333,62.4863538751747,8433.4501953125,10439,12759.400390625,13987.400390625,14728.599609375,61.7259157674616,223.84728061693,154.548490603495,5124,58969,589141,3172134,8008278,3.60494958413586,38.4025721152046,88.1707743438985,348.527729617205,363.169881085301,"NEWMARKET","HAVERHILL","BOSTON","MONTREAL","NEWYORK",10.7612364741978,10.7612364741978,"Portsmouth International at Pease Airport","Portsmouth International at Pease Airport","medium_airport","medium_airport",-70.8233032227,43.0778999329,-70.8233032227,43.0778999329,19.3746452331543
"50",94077,"Harrison_20_SSE",-103.7363,42.4247,4406,1355,-1497,"Shrubland","Smooth Plains",0,1.33331762087594,0.631982866955945,0.730477392673492,0.731164991855621,0.72945249080658,0.719620168209076,314.159265358979,48.5493512872986,63.1606146830635,0,0,0,0,0,1.15584999351638,0,0.154537384825569,279,58413,554636,1144803,8008278,31.5788571969232,166.902190030864,316.699079697559,1209.43460904015,2481.75792524728,"HARRISON","CHEYENNE","DENVER","JUAREZ","NEWYORK",14.9181814255825,62.204181916797,"Kaan Airport","Western Neb. Rgnl/William B. Heilig Airport","small_airport","medium_airport",-103.916000366211,42.4425010681152,-103.5960007,41.87400055,0
"51",94080,"Medora_7_E",-103.3769,46.8946,2771,798,-1328,"Shrubland","Hills",0,0.45507339864608,0.585150533269762,0,0,0,0,314.159265358979,65.7943646075589,58.5377219432527,19.9080009460449,20.3971004486084,19.9113006591797,19.755199432373,20.6282997131348,0,0.337478104315778,0.209429967097669,100,55532,618201,2896016,8008278,11.4889488056547,198.319311964543,563.612790481511,1368.10098643085,2451.97277408107,"MEDORA","BISMARCK","WINNIPEG","CHICAGO","NEWYORK",27.5672052094407,45.1593944841342,"Swenson Airport","Dickinson Theodore Roosevelt Regional Airport","small_airport","medium_airport",-103.234001159668,46.6666984558105,-102.802001953,46.7974014282,0
"52",4237,"Quinault_4_NE",-123.812,47.5139,286,79,-40,"Shrubland","Flat Plains",14.2772850513163,0.128487731483523,0.578408525012594,0.951102793216705,0.955789506435394,0.95355087518692,0.940697908401489,314.159265358979,455.333750610123,57.8088086611583,0,0,0,0,0,1.64434435539482,0,1.44937234332347,345,58211,563374,1805083,18476438,13.508033566965,104.673909471645,111.971003921065,200.937916930017,3824.41028394381,"NEILTON","LAKEWOOD","SEATTLE","VANCOUVER","MEXICOCITY",47.7560108298492,61.0271974223938,"Wishkah River Ranch Airport","Bowerman Airport","small_airport","medium_airport",-123.774002075195,47.0848007202148,-123.93699646,46.9711990356,0
"53",53154,"Yuma_27_ENE",-114.1884,32.835,620,191,-123,"Shrubland","Flat Plains",0,0,0.718918238719932,0,0,0,0,314.159265358979,3.77423856320092,71.8615658235591,0,0,0,0,0,0,0,0.0120137744748296,1829,77515,549873,1321045,18476438,18.6549684096984,43.0248864949307,120.959686172987,211.416978662582,2104.04110378425,"WELLTON","YUMA","MEXICALI","PHOENIX","MEXICOCITY",19.7234873052278,43.8298899042757,"Laguna Army Airfield","Yuma Auxiliary AAF #2","small_airport","medium_airport",-114.3970032,32.86000061,-114.511383,32.548984,0
"54",4141,"Coos_Bay_8_SW",-124.3186,43.2718,12,44,-5,"Shrubland","Low Hills",59.6874344003438,1.93764898339449,0.623377195681538,0.284910917282104,0.28604531288147,0.285375356674194,0.281528770923615,314.159265358979,4378.15527005866,62.3164556747349,187.300994873047,230.039001464844,250.72200012207,296.300994873047,309.885986328125,0.457044176873701,4.7547793221683,13.9361010570734,1872,137893,529121,1805083,18476438,8.43146306968885,130.793097112588,283.450224028962,671.987273082385,3531.99116446707,"BARVIEW","EUGENE","PORTLAND","VANCOUVER","MEXICOCITY",17.169085183745,17.169085183745,"Southwest Oregon Regional Airport","Southwest Oregon Regional Airport","medium_airport","medium_airport",-124.246002197266,43.4170989990234,-124.246002197266,43.4170989990234,0
"55",4136,"Spokane_17_SSW",-117.5264,47.4174,2267,698,-352,"Shrubland","Flat Plains",2.6399190837472,5.40092718186972,0.579415007059286,0.22381155192852,0.232207953929901,0.239830642938614,0.244654417037964,314.159265358979,9859.01960595475,57.9003561970878,4374.990234375,5140.3701171875,6048.06005859375,6734.97998046875,7075.60986328125,0.386271582892605,116.320182168542,31.3822340865522,8832,195629,563374,1805083,18476438,8.83808932861163,29.7478899069218,362.691051611746,464.649770215484,3514.57122920732,"CHENEY","SPOKANE","SEATTLE","VANCOUVER","MEXICOCITY",10.0339772266721,22.5043718461656,"Paradise Air Ranch Airport","Spokane International Airport","small_airport","large_airport",-117.418998718262,47.4706993103027,-117.533996582031,47.6198997497559,5.54206275939941
"56",94082,"Dinosaur_2_E",-108.9677,40.2446,6062,1825,-1054,"Shrubland","Low Hills",0,0,0.653362209941521,0.241735145449638,0.254689186811447,0.254092663526535,0.250667721033096,314.159265358979,395.634820826082,65.3722569447416,0,0,16.2700004577637,20.3827991485596,21.2299003601074,0.369986420658266,0.311795861137071,1.25934474787495,319,105166,554636,1321045,18476438,3.50894128453256,229.143232979131,346.606185951154,794.286434215058,2482.02834570463,"DINOSAUR","PROVO","DENVER","PHOENIX","MEXICOCITY",24.1479653191022,50.963302718992,"Rangely Airport","Vernal Regional Airport","small_airport","medium_airport",-108.763000488,40.09400177,-109.5100021,40.4408989,0
"57",4139,"Denio_52_WSW",-119.6357,41.8484,6500,2019,-371,"Shrubland","Smooth Plains",0,0,0.637725161899362,0,0,0,0,314.159265358979,0,63.7435429589694,0,0,0,0,0,0,0,0,2474,66346,529121,3694820,18476438,70.2080476201304,254.625042641853,474.340204362017,867.744962555601,3142.87253196601,"LAKEVIEW","SPARKS","PORTLAND","LOSANGELES","MEXICOCITY",41.608795234036,177.075076714976,"Mc Ranch Airport","Klamath Falls Airport","small_airport","medium_airport",-119.904998779,42.1649017334,-121.733001708984,42.1561012268066,0
"58",3067,"Oakley_19_SSW",-100.9627,38.8701,2870,880,-1155,"Shrubland","Flat Plains",0,0,0.666391873659814,0,0,0,0,314.159265358979,4.78420379929594,66.6352898170923,0,0,0,0,0,0,0,0.0152285936683395,32,102121,554636,1188580,18476438,19.0522636450992,325.685106605228,358.069727212983,771.142147111086,2151.68508084732,"RUSSELLSPRINGS","PUEBLO","DENVER","DALLAS","MEXICOCITY",17.1696310494071,84.4721399598555,"Evans Airport","Renner Field-Goodland Municipal Airport","small_airport","medium_airport",-100.800003051758,38.9583015441895,-101.6989975,39.37060165,0
"59",4236,"Corvallis_10_SSW",-123.3257,44.4185,312,95,-56,"Grassland","Smooth Plains",0.679631260492923,0,0.611514926806892,2.53516530990601,2.66768264770508,2.79126071929932,2.88171315193176,314.159265358979,2340.25002099946,61.1123964195018,215.615005493164,256.403991699219,270.552001953125,309.522003173828,323.743988037109,4.14571288250266,5.06479898201236,7.44924717825952,607,137893,529121,1805083,18476438,11.5596758031968,43.5985211579188,134.039308181998,538.813036829139,3556.89274801118,"MONROE","EUGENE","PORTLAND","VANCOUVER","MEXICOCITY",2.40046006028178,9.18814578359728,"Muddy Creek Airport","Corvallis Municipal Airport","small_airport","medium_airport",-123.307998657227,44.4360008239746,-123.2900009,44.49720001,0
"60",4140,"Lewistown_42_WSW",-110.2895,46.8847,5070,1574,-904,"Grassland","Low Hills",0,0,0.58524117551271,0,0,0,0,314.159265358979,46.7113122924235,58.5377219432527,0,0,0,0,0,0,0,0.148686724992968,454,56690,867374,1805083,8008278,30.2891119964247,102.14404886742,541.11524536289,992.81302242991,2978.01818618738,"STANFORD","GREATFALLS","CALGARY","VANCOUVER","NEWYORK",20.3314174195645,65.209757491475,"Russian Flat Airport","Lewistown Municipal Airport","small_airport","medium_airport",-110.4178278,46.7243111,-109.467002868652,47.0493011474609,0
"61",4130,"St._Mary_1_SSW",-113.433,48.7412,4555,1415,-653,"Grassland","Smooth Plains",19.5781418244026,2.07102304198225,0.564816063229903,0.154815703630447,0.155891329050064,0.155526205897331,0.153429865837097,314.159265358979,157.645922092688,56.5142888731665,0,0,0,0,0,0.274099328452405,0,0.501802555186623,248,66462,867374,1805083,8008278,28.2371391679981,117.317580527195,263.180115238735,712.849430678733,3215.33003733605,"STARRSCHOOL","LETHBRIDGE","CALGARY","VANCOUVER","NEWYORK",11.5434085555498,77.3674966730443,"Babb Airport","Glacier Park International Airport","small_airport","medium_airport",-113.427001953125,48.8450012207031,-114.255996704102,48.3105010986328,4.95507478713989
"62",4131,"Moose_1_NNE",-110.712,43.6615,6466,1994,-992,"Grassland","Flat Plains",2.20219990035935,0,0.619365280065059,7.6831955909729,8.30091571807861,8.89053249359131,9.37154483795166,314.159265358979,908.697958351462,61.9750694925931,78.1974029541016,103.61799621582,96.9089965820312,100.404998779297,104.978996276855,12.4049504198328,1.62008690916106,2.89247543698297,175,50730,554636,1321045,18476438,12.4593848549003,108.313008307539,647.40449824917,1129.93770583424,2886.54166435836,"TETONVILLAGE","IDAHOFALLS","DENVER","PHOENIX","MEXICOCITY",6.37197878907204,6.37197878907204,"Jackson Hole Airport","Jackson Hole Airport","medium_airport","medium_airport",-110.737998962402,43.6072998046875,-110.737998962402,43.6072998046875,4.51767778396606
"63",3062,"Los_Alamos_13_W",-106.5214,35.8584,8716,2749,-800,"Grassland","Hills",0,0,0.693546002169601,0,0,0,0,314.159265358979,329.32903406024,69.3436957674327,0,0,0,0,0,0,0,1.04828687348733,375,62203,554636,1144803,18476438,18.2398750410705,54.6310578119187,450.201109209776,456.479182470291,1950.49437170099,"JEMEZSPRINGS","SANTAFE","DENVER","JUAREZ","MEXICOCITY",22.9181592640069,47.3840470167318,"Los Alamos Airport","Santa Fe Municipal Airport","small_airport","medium_airport",-106.268997192,35.8797988892,-106.088996887,35.617099762,0
"64",94075,"Boulder_14_W",-105.5409,40.0354,9828,3052,-1194,"Grassland","Hills",1.89351775241957,2.33196373491196,0.655360877829947,0.011776071973145,0.0117871575057507,0.0117595503106713,0.0116010420024395,314.159265358979,3173.98502607772,65.5320944323503,343.911010742188,424.257995605469,470.06298828125,583.034973144531,610.216979980469,0.0179688357537275,8.89693787746104,10.1031081239985,169,94673,554636,1144803,18476438,4.86722139984496,24.0853008993696,59.9868987187123,923.523610053523,2355.15071437502,"WARD","BOULDER","DENVER","JUAREZ","MEXICOCITY",20.9686817537321,38.8409702605959,"Athanasiou Valley Airport","Rocky Mountain Metropolitan Airport","small_airport","medium_airport",-105.471000671387,39.8541984558105,-105.1169968,39.90879822,3.7435188293457
"65",53150,"Yosemite_Village_12_W",-119.8208,37.7592,6620,1844,-196,"Grassland","Hills",0,0.225807783143164,0.676614494894478,0.143149450421333,0.143284201622009,0.142948597669601,0.14102178812027,314.159265358979,485.83241223549,67.6348624318812,0,0,0,0,0,0.211567224027115,0,1.54645259843075,265,63893,894943,3694820,18476438,21.6697298234373,76.8000202575042,188.251141233818,427.460770663016,2847.29439035555,"YOSEMITEVALLEY","MERCED","SANJOSE","LOSANGELES","MEXICOCITY",33.4444978810726,78.2312803333966,"Pine Mountain Lake Airport","Castle Airport","small_airport","medium_airport",-120.17800140381,37.861698150635,-120.5680008,37.38050079,0
"66",94084,"Northgate_5_ESE",-102.1702,48.9676,1842,554,-1084,"Grassland","Flat Plains",5.81136267352047,0,0.562197315095388,0,0,0,0,314.159265358979,75.8161572787576,56.2337994922637,42.5640983581543,43.3633003234863,42.0355987548828,41.3749008178711,43.2519989013672,0,0.735765699480492,0.241330323942937,73,175812,618201,2896016,8008278,18.1307217862685,245.226194558425,371.893105690384,1379.54983698784,2397.3603604781,"FLAXTON","REGINA","WINNIPEG","CHICAGO","NEWYORK",18.3845718605737,64.0789001158134,"Bowbells Municipal Airport","Estevan Airport","small_airport","medium_airport",-102.245002746582,48.809700012207,-102.966003418,49.2103004456,0
"67",3048,"Socorro_20_N",-106.8859,34.3557,4847,1499,-679,"Grassland","Smooth Plains",0.863412943764594,2.19788381003313,0.706443754922899,0,0,0,0,314.159265358979,189.748920401529,70.626876779902,32.5979995727539,39.0990982055664,44.0290985107422,50.0983009338379,52.3031997680664,0,0.709337623550333,0.603989572565079,56,448607,563662,1144803,18476438,27.9415336504646,87.3947145439095,287.457140251772,292.365710650522,1814.29604789808,"CASACOLORADA","ALBUQUERQUE","ELPASO","JUAREZ","MEXICOCITY",23.7896315439682,79.9793884231403,"Skywagon Farm Airport","Albuquerque International Sunport Airport","small_airport","large_airport",-106.7600021,34.54330063,-106.609001159668,35.0401992797852,0
"68",3061,"Cortez_8_SE",-108.5035,37.2553,8034,2415,-793,"Grassland","Breaks/Foothills",0,0,0.681218316565035,0.0230388287454844,0.0230605155229568,0.0230065044015646,0.0226963981986046,314.159265358979,802.490935224421,68.0880420798638,247.983001708984,324.510986328125,381.522003173828,502.252990722656,525.526000976562,0.033820037108889,7.37652273997744,2.55440798254809,7977,51765,554636,1321045,18476438,12.3938930499155,273.410374237854,412.680268676918,525.215739216314,2166.92658803195,"CORTEZ","RIORANCHO","DENVER","PHOENIX","MEXICOCITY",12.2423131024053,61.974544547617,"Cortez Municipal Airport","Four Corners Regional Airport","small_airport","medium_airport",-108.627998352,37.3030014038,-108.230003357,36.7411994934,0
"69",4223,"Darrington_21_NNE",-121.446,48.5405,407,148,-73,"Grassland","Low Hills",0.189289870829298,1.95356850857589,0.567053187606866,15.4059209823608,15.8704252243042,17.0386753082275,18.1069755554199,314.159265358979,733.382621333585,56.7006793340972,299.006011962891,345.102996826172,400.691986083984,441.837005615234,462.372985839844,27.1683879379612,7.79244641870691,2.33442938725864,251,67171,563374,1805083,18476438,0.656269085426974,79.323254784244,121.180890536504,148.770289222136,3790.95287769154,"MARBLEMOUNT","BELLINGHAM","SEATTLE","VANCOUVER","MEXICOCITY",23.0721214143916,85.1805751185008,"Mears Field Airport","Bellingham International Airport","small_airport","medium_airport",-121.758003235,48.529800415,-122.53800201416,48.7928009033203,0
"70",64758,"Ithaca_13_E",-76.2462,42.4401,1228,396,-261,"Grassland","Flat Plains",0.491216613058303,1.05208573551251,0.63181546650074,2.62204670906067,2.62451481819153,2.61836791038513,2.58307480812073,314.159265358979,9314.40399106592,63.1606146830635,1066.11999511719,967.155029296875,961.901977539062,964.880004882812,1008.58001708984,4.15001982079145,15.2766088443649,29.6486687426604,1832,147306,8008278,8008278,8008278,6.99713560750757,67.8611055571409,273.488639229253,273.488639229253,273.488639229253,"DRYDEN","SYRACUSE","NEWYORK","NEWYORK","NEWYORK",12.9521229131567,18.3434303971108,"Lapeer Flyer Airport","Ithaca Tompkins Regional Airport","small_airport","medium_airport",-76.0887985229492,42.4384002685547,-76.4583969116211,42.4910011291504,9.03798294067383
"71",13301,"Chillicothe_22_ENE",-93.147,39.8668,833,250,-1085,"Grassland","Flat Plains",0,0,0.656953547566522,0.376671999692917,0.377026587724686,0.376143515110016,0.371073454618454,314.159265358979,2493.74710902467,65.6913749927518,108.003997802734,108.079002380371,110.404998779297,116.137001037598,121.402000427246,0.573361695188617,1.76791855933008,7.93784358444799,369,84531,2896016,2896016,8008278,3.70913823350174,123.621519118002,510.267727277326,510.267727277326,1634.5524035692,"LINNEUS","COLUMBIA","CHICAGO","CHICAGO","NEWYORK",15.7321495124292,57.2488109517433,"North Central Missouri Regional Airport","Kirksville Regional Airport","small_airport","medium_airport",-93.0127029418945,39.7700004577637,-92.5448989868164,40.0934982299805,0
"72",3063,"La_Junta_17_WSW",-103.8224,37.8639,4386,1341,-1127,"Grassland","Flat Plains",0,0,0.675702523976836,0.0288398843258619,0.028867032378912,0.0287994220852852,0.0284112319350243,314.159265358979,32.4700390939288,67.5588291520293,0,17.8899993896484,19.3041000366211,23.4148998260498,24.3917999267578,0.0426813328387843,0.346585340805103,0.103355344483717,4286,102121,554636,1144803,18476438,22.5652796000479,83.0713994086486,229.164796582605,721.041439937169,2083.28699401676,"ROCKYFORD","PUEBLO","DENVER","JUAREZ","MEXICOCITY",19.9870853154249,121.842745982939,"Melon Field","Butts AAF (Fort Carson) Air Field","small_airport","medium_airport",-103.698997497559,38.0153007507324,-104.7570038,38.67839813,0
"73",4990,"Sioux_Falls_14_NNE",-96.6222,43.7346,1594,480,-1462,"Grassland","Flat Plains",0.137531965940183,0.481315830649416,0.618593713551664,4.18772602081299,4.65740871429443,4.87882566452026,5.04225730895996,314.159265358979,3884.64408835024,61.8893927716815,426.125,429.324005126953,430.606994628906,455.053009033203,477.226013183594,6.76975198595068,7.35268175456102,12.365206176273,811,123975,618201,2896016,8008278,9.79949966828716,23.7241416040608,687.258391709551,760.863199090795,1898.27164648024,"BALTIC","SIOUXFALLS","WINNIPEG","CHICAGO","NEWYORK",10.6118701166632,19.4983359886913,"Weelborg Airport","Joe Foss Field Airport","small_airport","medium_airport",-96.7089004516602,43.8065986633301,-96.741897583,43.5820007324,14.3645353317261
"74",54808,"Champaign_9_SW",-88.3729,40.0528,700,213,-968,"Grassland","Flat Plains",0,15.352345499745,0.655201304311257,1.08847057819366,1.25810015201569,1.26867973804474,1.26492285728455,314.159265358979,31390.3887726162,65.5320944323503,285.289001464844,286.717010498047,289.144989013672,289.016998291016,301.964996337891,1.66127657413298,4.41031224157457,99.9187107747639,455,67518,854243,2896016,8008278,6.64387977347872,11.6311563128618,192.435268773392,206.775390324928,1228.25835969405,"BONDVILLE","CHAMPAIGN","INDIANAPOLIS","CHICAGO","NEWYORK",3.19695758709791,8.22943820325223,"Litchfield RLA Restricted Landing Area","University of Illinois Willard Airport","small_airport","medium_airport",-88.3994979858,40.0731010437,-88.27809906,40.03919983,8.64845180511475
"75",54810,"Chatham_1_SE",-86.92,46.3345,875,261,-717,"Grassland","Flat Plains",6.7030102277459,0,0.591195893765222,2.15165948867798,2.15368485450745,2.14864063262939,2.11967897415161,314.159265358979,1328.97711745265,59.0791720110768,303.816009521484,297.369995117188,288.457000732422,292.217010498047,305.635009765625,3.63950343933284,4.94619339694299,4.23026554997216,231,66473,596974,2896016,8008278,1.51387994118072,196.573709572055,373.572239537845,502.584767901786,1220.70989306206,"CHATHAM","SAULTSTEMARIE","MILWAUKEE","CHICAGO","NEWYORK",23.1199360535871,36.658529261113,"Hanley Field","Sawyer International Airport","small_airport","medium_airport",-86.6210021972656,46.3540992736816,-87.395401001,46.3535995483,4.40108728408813
"76",63898,"Bedford_5_WNW",-86.5707,38.8882,760,208,-804,"Grassland","Low Hills",0,18.5113951588046,0.666236230307994,28.4035568237305,28.6561641693115,28.5890464782715,28.2036933898926,314.159265358979,23750.5990433693,66.6352898170923,6787.08984375,7089.06005859375,7245.93017578125,7845.2900390625,8249.4296875,42.6328613359856,117.734762775056,75.6005047829173,1152,69291,854243,2896016,8008278,4.07278358769751,30.5952841944943,106.558509261799,340.789666204063,1101.20895112229,"OOLITIC","BLOOMINGTON","INDIANAPOLIS","CHICAGO","NEWYORK",12.1179786441646,28.8672806078953,"Virgil I Grissom Municipal Airport","Monroe County Airport","small_airport","medium_airport",-86.44539642,38.84000015,-86.61669921875,39.1459999084473,17.7713489532471
"77",94081,"Buffalo_13_ESE",-103.3017,45.516,2883,882,-1461,"Grassland","Flat Plains",0.133335579843363,0,0.600024914303019,0.0156423915177584,0.015657115727663,0.015620443969965,0.0154098952189088,314.159265358979,18.5699709697183,59.9714976859724,19.4496994018555,19.6051998138428,19.7747001647949,21.0965995788574,22.0272998809814,0.0260695700209855,0.351777100670808,0.0591100534580732,380,59607,554636,2896016,8008278,20.4794958235834,159.974846211533,656.868014812564,1321.6295248011,2436.000777453,"BUFFALO","RAPID","DENVER","CHICAGO","NEWYORK",19.2173621117932,147.460393647589,"Harding County Airport","Dickinson Theodore Roosevelt Regional Airport","small_airport","medium_airport",-103.529998779297,45.5806007385254,-102.802001953,46.7974014282,0
"78",54811,"Shabbona_5_NNE",-88.8513,41.843,861,267,-1048,"Grassland","Flat Plains",0,1.20357680070894,0.637725161899362,3.88888049125671,4.14194440841675,4.54483604431152,4.89060688018799,314.159265358979,4942.95097313821,63.7435429589694,110.137001037598,108.499000549316,107.430999755859,105.565002441406,110.138999938965,6.09805089025233,1.65608934711013,15.7339016167168,929,142990,2896016,2896016,8008278,8.61314693711732,46.8600874136098,97.3352797841808,97.3352797841808,1255.96766197257,"SHABBONA","AURORA","CHICAGO","CHICAGO","NEWYORK",5.47391051676691,44.0920351233583,"Jack W. Watson Airport","Chicago Rockford International Airport","small_airport","large_airport",-88.7873001098633,41.8548011779785,-89.0971984863281,42.1954002380371,7.47440671920776
"79",63857,"Gadsden_19_N",-85.9621,34.2851,1152,349,-420,"Grassland","Flat Plains",0,1.33550087408322,0.707002566042139,3.59177470207214,3.71952223777771,3.90496850013733,4.04387378692627,314.159265358979,10079.2286944464,70.6967504649749,2640.3798828125,2902.07006835938,3000.23999023438,3203.48999023438,3366.97998046875,5.08028524164942,45.3131150889527,32.0831813854963,1431,158216,570456,2896016,8008278,2.65014455501331,75.0571425699079,219.63248715896,851.177978681809,1279.08789034792,"CROSSVILLE","HUNTSVILLE","NASHVILLEDAVIDSON","CHICAGO","NEWYORK",19.6985659280056,74.3638371707286,"Fricks Field Airport","Richard B Russell Airport","small_airport","medium_airport",-86.0885667,34.1417667,-85.1579971313,34.3506011963,5.13369798660278
"80",53136,"Mercury_3_SSW",-116.0225,36.624,3284,1002,-367,"Grassland","Flat Plains",0,2.06021754610485,0.686878933025359,0,0,0,0,314.159265358979,0.23533673181737,68.6841849820916,0,0,0,0,0,0,0,0.000749100083196522,1302,478434,3694820,3694820,18476438,31.4381554267042,86.1662212975278,353.327527204761,353.327527204761,2512.22391028221,"INDIANSPRINGS","LASVEGAS","LOSANGELES","LOSANGELES","MEXICOCITY",1.06848551029633,1.06848551029633,"Desert Rock Airport","Desert Rock Airport","medium_airport","medium_airport",-116.032997,36.6194,-116.032997,36.6194,0
"81",22016,"Panther_Junction_2_N",-103.2093,29.3483,3494,1088,-577,"Grassland","Smooth Plains",0,0,0.745706771001335,0.00100761977955699,0.00100856821518391,0.00100620603188872,0.00099264329764992,314.159265358979,105.905957404926,74.5494078850602,0,0,0,0,0,0.00135122788036906,0,0.337109132477473,267,72164,657876,1144803,18476438,34.1932228532252,222.751906734088,291.024401579109,410.721815204289,1165.42575883932,"STUDYBUTTETERLING","ACUNA","CHIHUAHUA","JUAREZ","MEXICOCITY",15.4551145765682,175.821698555013,"Pitcock Rosillos Mountain Ranch Airport","Fort Stockton Pecos County Airport","small_airport","medium_airport",-103.165000915527,29.482400894165,-102.916000366,30.9157009125,0
"82",94059,"Wolf_Point_34_NE",-105.2096,48.4887,2643,791,-1254,"Grassland","Smooth Plains",0,0,0.567611381154149,0.0207285489886999,0.0207480620592833,0.0206994656473398,0.0204204563051462,314.159265358979,33.2088541906123,56.7936932438271,16.9890003204346,18.0695991516113,17.7817001342773,18.9333992004395,19.7514991760254,0.0365189100799065,0.33337150868415,0.105707065977079,87,175812,618201,1805083,8008278,35.1070330385986,224.780505118764,600.969263442398,1315.66350921683,2608.85907335609,"FLAXVILLE","REGINA","WINNIPEG","VANCOUVER","NEWYORK",10.2460734799428,51.5138452202625,"Swank Airport","L M Clayton Airport","small_airport","medium_airport",-105.156997680664,48.4034004211426,-105.574996948,48.0945014954,0
"83",94079,"Whitman_5_ENE",-101.445,42.068,3740,1095,-1488,"Grassland","Smooth Plains",1.05980451356478,0,0.635485834730837,0,0,0,0,314.159265358979,69.1033156906778,63.5776671852775,43.0206985473633,45.7148017883301,47.6313018798828,52.5638999938965,54.8856010437012,0,0.826766729907142,0.219962685524222,287,59607,554636,1188580,8008278,27.5428489095177,266.027589844848,394.272537474302,1106.71572142985,2297.4382183275,"HYANNIS","RAPID","DENVER","DALLAS","NEWYORK",27.6040194115623,114.56717066592,"Grant County Airport","Miller Field","small_airport","medium_airport",-101.768997192383,42.0093994140625,-100.5479965,42.85779953,0
"84",94085,"Pierre_24_S",-100.353,44.0194,2124,625,-1529,"Grassland","Flat Plains",0,0,0.615669293628308,0,0,0,0,314.159265358979,26.3002246713731,61.5453705030764,0,0,0,0,0,0,0,0.0837162152175291,131,59607,554636,2896016,8008278,11.3999353547444,230.505804453353,610.985720942893,1061.30222704864,2198.7822714549,"VIVIAN","RAPID","DENVER","CHICAGO","NEWYORK",10.2340919939227,40.6882310770284,"Vivian Airport","Pierre Regional Airport","small_airport","medium_airport",-100.315002441406,43.9314002990723,-100.2860031,44.38270187,0
"85",3728,"McClellanville_7_NE",-79.3637,33.1532,9,2,-8,"Grassland","Flat Plains",37.1078401775596,0,0.716355055595383,0,0,0,0,314.159265358979,1203.27164970932,71.6591868598587,215.919006347656,250.317001342773,276.908996582031,306.451995849609,321.287994384766,0,4.27652069858016,3.83013261867156,459,79641,540828,1517550,8008278,12.0338895650312,67.8572616956782,264.651995206338,847.239885625012,967.030518437872,"MCCLELLANVILLE","NORTHCHARLESTON","CHARLOTTE","PHILADELPHIA","NEWYORK",18.032948856851,69.2346477212688,"Georgetown County Airport","Charleston Air Force Base-International Airport","small_airport","large_airport",-79.3196029663,33.3116989136,-80.04049683,32.89860153,0
"86",63838,"Versailles_3_NNW",-84.7465,38.0945,891,262,-648,"Grassland","Flat Plains",0,9.65954366034045,0.673566565002139,4.24602937698364,4.35355234146118,4.5436110496521,4.68147993087769,314.159265358979,22545.6000703573,67.3298695612118,1666.51000976562,1859.13000488281,1883.18005371094,2027.57995605469,2129.47998046875,6.303800689647,30.1141227402995,71.764873923407,7511,260512,854243,2896016,8008278,4.62550427093849,23.2435125881856,223.940912401788,485.166006509822,975.85403859777,"VERSAILLES","LEXINGTONFAYETTE","INDIANAPOLIS","CHICAGO","NEWYORK",9.16118918120917,13.9135000556873,"Seldom Scene Airport","Blue Grass Airport","small_airport","large_airport",-84.8499984741211,38.105598449707,-84.6059036254883,38.0364990234375,17.2819576263428
"87",4125,"John_Day_35_WNW",-119.6459,44.556,2245,731,-346,"Grassland","Low Hills",0,0,0.610123462382617,0.143379181623459,0.143514141440392,0.143178015947342,0.141248106956482,314.159265358979,57.5689062564634,61.0254105602288,0,0,0,0,0,0.235000275294353,0,0.183247519982202,138,52029,529121,1805083,18476438,13.3592055704884,143.756031840297,259.189702854389,587.362289352096,3364.40654366982,"DAYVILLE","BEND","PORTLAND","VANCOUVER","MEXICOCITY",7.74125767267223,120.494042584678,"Land's Inn Ranch Airport","Burns Municipal Airport","small_airport","medium_airport",-119.564002990723,44.5937995910645,-118.955001831,43.5918998718,0
"88",4994,"Goodridge_12_NNW",-95.8744,48.3055,1150,347,-980,"Grassland","Flat Plains",13.8548344311416,0,0.56965435865466,0,0,0,0,314.159265358979,85.0921288588725,56.9793574531719,79.7360000610352,85.8843002319336,95.6945037841797,109.112998962402,114.054000854492,0,1.91495664113229,0.270856658522041,98,90599,618201,2896016,8008278,18.6731162422249,174.129897493059,204.244758374134,964.176990125317,1930.03058183986,"GOODRIDGE","FARGO","WINNIPEG","CHICAGO","NEWYORK",8.75945039897784,104.417113883826,"Arthur Field","Baudette International Airport","small_airport","medium_airport",-95.8069000244141,48.3702011108398,-94.612197876,48.7284011841,0
"89",3055,"Goodwell_2_E",-101.595,36.5993,3266,991,-980,"Grassland","Flat Plains",0,0,0.687100656125016,1.88020253181458,1.88197243213654,1.87756454944611,1.85225677490234,314.159265358979,1595.56778837845,68.6841849820916,990.369018554688,1169.15002441406,1244.66003417969,1364.57995605469,1431.98999023438,2.736429539186,19.8674550249156,5.07885001117268,1192,173627,506132,1188580,18476438,3.18723479582051,156.809702341191,386.215752428194,609.187408364573,1907.9533405999,"GOODWELL","AMARILLO","OKLAHOMA","DALLAS","MEXICOCITY",12.2876709153119,12.2876709153119,"Guymon Municipal Airport","Guymon Municipal Airport","medium_airport","medium_airport",-101.508003235,36.6851005554,-101.508003235,36.6851005554,0
"90",23908,"Joplin_24_N",-94.5829,37.4277,952,288,-827,"Grassland","Flat Plains",0.151047630677902,7.62765799681782,0.679639447767712,1.26082539558411,1.26201224327087,1.25905632972717,1.24208545684814,314.159265358979,6944.70040715369,67.9375584753144,191.225006103516,196.339004516602,205.570007324219,221.468002319336,231.714004516602,1.85513863229292,3.2598757931492,22.1056679618162,409,151580,506132,1188580,8008278,5.3291115479583,117.80383595493,341.333711564149,550.795885208505,1820.49595063788,"MINDENMINES","SPRINGFIELD","OKLAHOMA","DALLAS","NEWYORK",13.3363997163706,31.4945584639397,"Atkinson Municipal Airport","Joplin Regional Airport","small_airport","large_airport",-94.7311019897461,37.4495010375977,-94.4982986450195,37.151798248291,4.20075654983521
"91",54937,"Jamestown_38_WSW",-99.4778,46.7702,1920,598,-1217,"Grassland","Flat Plains",12.1901053956827,0,0.586508856298618,0.0408569760620594,0.0408954359591007,0.0407996512949467,0.0402497127652168,314.159265358979,134.138651287145,58.6282766348191,0,0,0,0,0,0.0696613113737149,0,0.426976588240583,172,55532,618201,2896016,8008278,15.5060076416146,99.4623949400687,385.700722412511,1087.28494397969,2155.1236617722,"STREETER","BISMARCK","WINNIPEG","CHICAGO","NEWYORK",16.2641258556767,63.5054988819303,"Gienger/Box Bar Ranch Airport","Jamestown Regional Airport","small_airport","medium_airport",-99.4504013061523,46.625,-98.67819977,46.92969894,0
"92",53132,"Elgin_5_S",-110.5087,31.5907,4811,1476,-249,"Grassland","Smooth Plains",0,0,0.728820673474204,0.34407040476799,0.387443572282791,0.429484575986862,0.46606507897377,314.159265358979,611.095217670263,72.8528412319961,77.1503982543945,113.124000549316,150.929992675781,204.20100402832,213.281997680664,0.472091993669508,2.802924368839,1.9451764918408,309,156854,1321045,1321045,18476438,7.35547782058008,62.7995818466577,260.254940622119,260.254940622119,1758.10955812616,"ELGIN","NOGALES","PHOENIX","PHOENIX","MEXICOCITY",15.6336768347295,15.6336768347295,"Sierra Vista Municipal Libby Army Air Field","Sierra Vista Municipal Libby Army Air Field","medium_airport","medium_airport",-110.34400177002,31.5884990692139,-110.34400177002,31.5884990692139,0
"93",92821,"Titusville_7_E",-80.6929,28.6159,3,5,-4,"Grassland","Flat Plains",121.314765766648,11.6833572671454,0.750984321073716,0,0,0,0,314.159265358979,35.2206653412431,75.0895117678525,60.3569984436035,81.004997253418,104.34700012207,120.71900177002,125.980003356934,0,1.60766795425752,0.112110859760885,40670,71382,735617,2186632,8008278,12.7197735405869,55.7589845573899,210.621189183473,629.388156620473,1475.23198543082,"TITUSVILLE","MELBOURNE","JACKSONVILLE","LAHABANA","NEWYORK",0.185819877158377,0.185819877158377,"Nasa Shuttle Landing Facility Airport","Nasa Shuttle Landing Facility Airport","medium_airport","medium_airport",-80.6945037841797,28.6149997711182,-80.6945037841797,28.6149997711182,16.6778163909912
"94",53131,"Tucson_11_W",-111.1696,32.2395,2733,825,-217,"Grassland","Low Hills",0,16.0079889920287,0.72371444211206,0.324478775262833,0.359582513570786,0.381884843111038,0.410986244678497,314.159265358979,15883.1465264019,72.3945365567009,318.442993164062,471.407012939453,633.427001953125,861.515014648438,901.710998535156,0.448351941569504,11.9002766731393,50.5576256305947,9755,54011,1321045,1321045,18476438,8.60838507277423,19.1450850186007,166.075345568798,166.075345568798,1853.27140763208,"TUCSONESTATES","CASASADOBES","PHOENIX","PHOENIX","MEXICOCITY",10.7886559429647,25.5262473894511,"Ryan Field","Tucson International Airport","small_airport","large_airport",-111.175003051758,32.1422004699707,-110.94100189209,32.1161003112793,5.18103170394897
"95",23909,"Salem_10_W",-91.7226,37.6344,1198,372,-816,"Grassland","Flat Plains",0,0,0.677751550189796,2.05237579345703,2.06114721298218,2.14286231994629,2.19935464859009,314.159265358979,1767.37989616394,67.7864981796449,262.877014160156,271.627014160156,286.042999267578,309.816986083984,324.307006835938,3.02821261402101,4.57048224062143,5.62574493591464,190,151580,650100,2896016,8008278,14.6445527102824,146.736320632877,320.209329833547,581.044467615039,1572.92467019603,"EDGARSPRINGS","SPRINGFIELD","MEMPHIS","CHICAGO","NEWYORK",4.86858661683797,38.7458841942997,"Domeyer Airport","Waynesville-St. Robert Regional Forney field","small_airport","medium_airport",-91.7064971923828,37.676399230957,-92.14070129,37.74160004,0
"96",3074,"Las_Cruces_20_N",-106.7414,32.6137,4327,1316,-620,"Grassland","Flat Plains",0,0,0.720726091807249,0.0044205472804606,0.00442470842972398,0.00441434513777494,0.00435484386980534,314.159265358979,28.8359998788073,72.0625750475419,67.9275970458984,81.8651962280273,92.5161972045898,105.546997070312,110.307998657227,0.0061334636427216,1.46465758406052,0.0917878383941897,1518,74267,563662,1144803,18476438,21.0779118630396,32.6415464018504,96.0138761504835,99.9609926173746,1637.91766654504,"RADIUMSPRINGS","LASCRUCES","ELPASO","JUAREZ","MEXICOCITY",19.7571499284883,39.7319333747735,"Shoestring Ranch Airport","Las Cruces International Airport","small_airport","medium_airport",-106.680000305176,32.4430999755859,-106.921997070312,32.2893981933594,0
"97",63831,"Newton_5_ENE",-89.0703,32.3378,374,119,-201,"Grassland","Flat Plains",0,4.5790093360273,0.72292057761976,8.81124687194824,8.81954193115234,8.79888534545898,8.68028450012207,314.159265358979,6112.83878659457,72.2622108462889,476.953002929688,536.215026855469,555.614013671875,609.356018066406,639.280029296875,12.1884023566732,8.43256815602537,19.4577701842078,499,184256,650100,1953631,8008278,4.98889126690249,106.798338459264,319.055522040687,666.471930853715,1639.95026733072,"HICKORY","JACKSON","MEMPHIS","HOUSTON","NEWYORK",3.49827835148158,29.9821999270197,"Rose Field","Key Field","small_airport","medium_airport",-89.0342025756836,32.3452987670898,-88.7518997192383,32.3325996398926,6.52750396728516
"98",63826,"Blackville_3_W",-81.3279,33.355,317,98,-106,"Grassland","Flat Plains",0.0794315251978231,3.0962325376897,0.714724909390298,0.383089244365692,0.383449852466583,0.38255175948143,0.377395331859589,314.159265358979,6814.10211448185,71.4554418682988,2819.7099609375,3305.38989257812,3686.82006835938,4105.18017578125,4314.419921875,0.535995372950538,57.4509102238511,21.6899606850545,2973,52141,540828,1517550,8008278,5.14769608462323,65.1597802951911,210.297581118233,920.175028187776,1047.21376520096,"BLACKVILLE","AUGUSTA","CHARLOTTE","PHILADELPHIA","NEWYORK",12.148311491422,45.0079189637731,"Barnwell Regional Airport","Orangeburg Municipal Airport","small_airport","medium_airport",-81.38829803,33.25780106,-80.859497070312,33.456798553467,8.60452175140381
"99",3047,"Monahans_6_ENE",-102.8071,31.6219,2724,830,-658,"Grassland","Flat Plains",0,3.72518164702767,0.728561093307018,0.0546680651605129,0.0547195263206959,0.0545913651585579,0.0538555234670639,314.159265358979,6786.65376020038,72.8528412319961,31.9696006774902,39.217601776123,46.8078994750977,56.043399810791,58.4515991210938,0.0750356636701099,0.769268553745539,21.6025898597818,6821,90943,563662,1144803,18476438,10.2452573414121,49.6558390355915,343.27676971972,348.801308747793,1391.08468699693,"MONAHANS","ODESSA","ELPASO","JUAREZ","MEXICOCITY",10.6086858419269,41.2231790055638,"Roy Hurd Memorial Airport","Winkler County Airport","small_airport","medium_airport",-102.90899658203,31.582500457764,-103.200996399,31.7796001434,0
"100",23803,"Holly_Springs_4_N",-89.4348,34.8223,484,143,-469,"Grassland","Flat Plains",0,5.3112291109872,0.702505289912854,12.5751886367798,13.0376043319702,13.4266777038574,13.6596517562866,314.159265358979,10504.1418153271,70.2752660903729,6878.93017578125,7798.06982421875,8110.1298828125,8896.8896484375,9370.4501953125,17.9004896010673,126.600582870739,33.4357218569517,7957,650100,650100,1188580,8008278,5.51999609695717,58.8850252715653,58.8850252715653,716.470020305374,1511.88183075514,"HOLLYSPRINGS","MEMPHIS","MEMPHIS","DALLAS","NEWYORK",3.00743660741978,49.4272353108718,"Thomas Field","University Oxford Airport","small_airport","medium_airport",-89.4608993530273,34.8058013916016,-89.536796569824,34.384300231934,9.0690279006958
"101",4222,"Redding_12_WNW",-122.6068,40.6507,1418,503,-133,"Grassland","Breaks/Foothills",12.4165481974797,0,0.649419675201061,0,0,0,0,314.159265358979,545.881533093809,64.9702353161093,69.2288970947266,78.8136978149414,98.7751998901367,106.750999450684,111.290000915527,0,1.64307546265289,1.73759488668923,254,80865,776733,3694820,18476438,6.5164286966891,21.6339903445215,320.949617218934,818.345207389931,3236.78905341118,"FRENCHGULCH","REDDING","SANFRANCISCO","LOSANGELES","MEXICOCITY",18.8082776653366,30.8708497100525,"Benton Field","Redding Municipal Airport","small_airport","medium_airport",-122.407997131,40.5749015808,-122.2929993,40.50899887,3.85025811195374
"102",12987,"Edinburg_17_NNE",-98.0633,26.5258,64,17,-59,"Grassland","Flat Plains",1.95569651349901,0.255131924738381,0.765303868664329,0,0,0,0,314.159265358979,1335.37943177145,76.5220635874035,44.8083992004395,53.0764999389648,61.1511001586914,70.6600036621094,73.7157974243164,0,0.923393859882013,4.25064474939345,958,106414,669842,3275270,18476438,7.84463092099985,38.358032407867,238.826738921999,244.318650971909,784.415564688742,"SANMANUELLINN","MCALLEN","GUADELUPE","MONTERREY","MEXICOCITY",11.0034312015038,42.4950240099864,"South Texas International At Edinburg Airport","Mc Allen Miller International Airport","small_airport","medium_airport",-98.12220001,26.44169998,-98.23860168,26.17580032,4.02970123291016
"103",53151,"Fallbrook_5_NE",-117.1904,33.4392,1140,287,-30,"Grassland","Hills",0.158519319240161,60.5231300429159,0.714043106894062,0,0,0,0,314.159265358979,85286.5171301435,71.3872239547093,284.701995849609,323.816009521484,404.548004150391,435.111999511719,454.467987060547,0,6.09509622881217,271.475415607079,2026,57716,1223400,1223400,18476438,4.92831239891905,9.42728704816162,73.1901095836798,73.1901095836798,2365.04442190888,"RAINBOW","TEMECULA","SANDIEGO","SANDIEGO","MEXICOCITY",10.9752757926052,21.6338029682528,"Fallbrook Community Airpark","Camp Pendleton MCAS (Munn Field) Airport","small_airport","medium_airport",-117.250999450684,33.3541984558105,-117.3550034,33.30130005,7.43311214447021
"104",53139,"Stovepipe_Wells_1_SW",-117.1449,36.602,84,-38,-312,"Grassland","Smooth Plains",0,0,0.687026762998708,0.0509417690336704,0.0509897209703922,0.0519926212728024,0.052399005740881,314.159265358979,13.7310214674765,68.6841849820916,0,0,0,0,0,0.0741481580882261,0,0.0437071988049962,31,478434,3694820,3694820,18476438,30.5761990722695,178.316397983091,300.426509916381,300.426509916381,2583.62759192891,"FURNACECREEK","LASVEGAS","LOSANGELES","LOSANGELES","MEXICOCITY",1.2825399666533,99.4927547048799,"Stovepipe Wells Airport","Desert Rock Airport","small_airport","medium_airport",-117.158996582031,36.6040992736816,-116.032997,36.6194,0
"105",53960,"Lafayette_13_SE",-91.8731,30.0918,35,8,-29,"Grassland","Flat Plains",4.77180946760897,12.4192275007725,0.74018296621425,0.230665102601051,0.230882227420807,0.230341464281082,0.227236673235893,314.159265358979,35082.7470715693,73.9965338855041,4322.080078125,4920.85009765625,4980.68994140625,5210.0400390625,5474.14013671875,0.311632546451068,70.4092443995292,111.671852273659,6989,110257,1953631,1953631,18476438,5.50802729013833,20.2329428159631,340.856832708628,340.856832708628,1380.78629389681,"ST.MARTINVILLE","LAFAYETTE","HOUSTON","HOUSTON","MEXICOCITY",6.06865117744554,6.06865117744554,"Acadiana Regional Airport","Acadiana Regional Airport","medium_airport","medium_airport",-91.883904,30.0378,-91.883904,30.0378,12.1036911010742
"106",23907,"Austin_33_NW",-98.0846,30.6222,1361,372,-252,"Grassland","Low Hills",0.163742034331317,0,0.736240785155024,1.93272888660431,2.14948105812073,2.41244506835938,2.67073750495911,314.159265358979,2904.65968963038,73.6209014998002,163.539993286133,200.11799621582,237.604995727539,282.428009033203,295.248992919922,2.62513151345908,3.83624763184908,9.24581895208892,1122,61136,656562,1144646,18476438,13.7817569883105,41.2754581101368,48.1514697225505,136.026030490324,1234.74751800615,"BERTRAM","ROUNDROCK","AUSTIN","SANANTONIO","MEXICOCITY",8.76645936607272,55.0113422054266,"C F C Aviation Ranch Airport","Robert Gray  Army Air Field Airport","small_airport","medium_airport",-98.0175018310547,30.6760005950928,-97.8289031982,31.067199707,0
"107",53152,"Santa_Barbara_11_W",-119.8796,34.4141,18,-10,-1,"Grassland","Undefined",175.768923755302,40.4650099236862,0.705954009185331,96.4217910766602,99.0884628295898,102.158882141113,104.039863586426,314.159265358979,76158.1427614419,70.626876779902,7450.14013671875,8696.150390625,11007.599609375,11880.7001953125,12545.599609375,136.583672338557,168.217833450811,242.418897543635,18344,55204,3694820,3694820,18476438,1.7643271403732,6.73409633473368,143.187999133229,143.187999133229,2630.84197239297,"ISLAVISTA","GOLETA","LOSANGELES","LOSANGELES","MEXICOCITY",3.87971826681619,3.87971826681619,"Santa Barbara Municipal Airport","Santa Barbara Municipal Airport","medium_airport","medium_airport",-119.8399963,34.42620087,-119.8399963,34.42620087,57.3563766479492
"108",53968,"Palestine_6_WNW",-95.7232,31.7796,383,112,-239,"Grassland","Flat Plains",0.404141631130896,9.13425906223674,0.727324719284042,12.8974752426147,13.4125881195068,13.7157039642334,13.8608484268188,314.159265358979,23368.1584106684,72.7226661070052,674.067993164062,843.966003417969,1022.72998046875,1238.39001464844,1297.40002441406,17.7327607609853,17.0289413320773,74.3831584402464,17598,83650,1188580,1188580,18476438,8.37741988166702,73.2890714818871,151.012061783399,151.012061783399,1400.35227162415,"PALESTINE","TYLER","DALLAS","DALLAS","MEXICOCITY",1.60089063524758,70.4706983694031,"Palestine Municipal Airport","Tyler Pounds Regional Airport","small_airport","medium_airport",-95.706298828125,31.779699325562,-95.4023971557617,32.3540992736816,7.07267951965332
"109",3759,"Charlottesville_2_SSE",-78.4656,37.9975,1177,215,-106,"Grassland","Hills",0.0749086593553481,38.047895659659,0.674483350619157,5.39687013626099,5.8826322555542,6.41691827774048,6.91615772247314,314.159265358979,94741.8826317079,67.4826524760579,1249.81994628906,1409.92004394531,1647.32995605469,1797.83996582031,1885.43994140625,8.00148755533671,26.6415130386016,301.57277877337,45049,65269,572059,1517550,8008278,4.49409695893072,90.5314510194518,162.450513175152,363.246093915872,493.624436415705,"CHARLOTTESVILLE","LYNCHBURG","WASHINGTON","PHILADELPHIA","NEWYORK",9.7468516756966,15.6851489975095,"Snow Hill Airport","Charlottesville Albemarle Airport","small_airport","medium_airport",-78.3692016601562,37.9539985656738,-78.4529037475586,38.138599395752,15.2525434494019
"110",63828,"Newton_8_W",-84.4706,31.3127,176,58,-133,"Grassland","Flat Plains",0,0,0.730952783821954,0.531099081039429,0.498861581087112,0.451811909675598,0.400459051132202,314.159265358979,1092.65115474723,73.1113398889145,249.406005859375,289.053985595703,344.519012451172,426.424011230469,446.412994384766,0.726584661546065,5.83252901503896,3.47801664706179,851,76939,735617,2186632,8008278,12.4829097900063,41.6167222948677,290.54593501547,928.952589347105,1408.01527783076,"NEWTON","ALBANY","JACKSONVILLE","LAHABANA","NEWYORK",17.2631233484989,36.0258668606502,"Pinebloom Plantation Airport","Southwest Georgia Regional Airport","small_airport","medium_airport",-84.3227005004883,31.4029998779297,-84.1945037841797,31.5354995727539,0
"111",93245,"Bodega_6_WSW",-123.0747,38.3208,63,-7,-1,"Grassland","Undefined",209.69723260556,4.77379397872957,0.671496273529657,11.048924446106,11.3582258224487,11.6298236846924,11.7672462463379,314.159265358979,1868.86677643741,67.1765149413736,475.889007568359,530.341003417969,646.916015625,677.575988769531,709.838012695312,16.4541857961897,10.0865010541387,5.9487877090046,1423,147595,776733,3694820,18476438,3.18212387949246,35.3020975830966,83.6548586779223,631.366703504709,3112.20230339134,"BODEGABAY","SANTAROSA","SANFRANCISCO","LOSANGELES","MEXICOCITY",30.9498784200705,30.9498784200705,"Charles M. Schulz Sonoma County Airport","Charles M. Schulz Sonoma County Airport","medium_airport","medium_airport",-122.8130035,38.50899887,-122.8130035,38.50899887,5.86151075363159
"112",23906,"Port_Aransas_32_NNE",-96.823,28.3045,15,9,-2,"Shrub or herbaceous cover, flooded, fresh/saline/brakish water","Flat Plains",117.321314247801,0.334475154138815,0.753166622733067,0.110653020441532,0.110757187008858,0.110497772693634,0.109008364379406,314.159265358979,153.022044999041,75.325435609806,0,0,0,25.5431003570557,26.6438999176025,0.146917052749892,0.339103254435484,0.487084297272557,192,60603,1144646,1144646,18476438,9.72013589709294,59.1130352858586,208.057634775274,208.057634775274,1001.32872380214,"AUSTWELL","VICTORIA","SANANTONIO","SANANTONIO","MEXICOCITY",20.1257022281618,61.3818552173386,"Whatley Flying Service Airport","Victoria Regional Airport","small_airport","medium_airport",-96.7619018554688,28.478099822998,-96.9185028076172,28.8526000976562,0
"113",54854,"Gaylord_9_SSW",-84.7203,44.908,1461,438,-770,"Urban areas","Flat Plains",12.5940146140266,3.63658626258519,0.606455065406906,15.6843481063843,15.7634181976318,16.1782073974609,16.4057636260986,314.159265358979,7351.59177894135,60.676169650224,1038.73999023438,1066.72998046875,1083.2099609375,1146.75,1201.73999023438,25.8623416655952,18.8995120590274,23.4008434242451,3681,61799,951270,2896016,8008278,13.402307681462,176.191789163454,308.757899603463,416.390387114434,998.054360140896,"GAYLORD","SAGINAW","DETROIT","CHICAGO","NEWYORK",11.7884896010042,70.6298073742123,"Gaylord Regional Airport","Cherry Capital Airport","small_airport","medium_airport",-84.7035980225,45.0135002136,-85.5821990966797,44.7414016723633,7.90357065200806
"114",53961,"Monroe_26_N",-92.1165,32.8833,88,34,-331,"Urban areas","Flat Plains",2.71464101981506,0.558648034916296,0.718582232267075,0.0740783289074898,0.0741480588912964,0.0739743933081627,0.072977289557457,314.159265358979,936.470609439944,71.8615658235591,211.059005737305,242.348999023438,248.626998901367,264.600006103516,276.828002929688,0.103089563839866,3.68207960780016,2.98087853105294,806,53107,650100,1188580,18476438,12.0443416340366,41.3611978004553,317.07838849166,437.330777318746,1636.55208181818,"MARION","MONROE","MEMPHIS","DALLAS","MEXICOCITY",18.5702977195,41.9066303075693,"Davis Plantation Airport","Monroe Regional Airport","small_airport","large_airport",-91.9468002319336,32.796501159668,-92.0376968383789,32.5108985900879,0
